3164686833,三七妆扮,94748,2019--07--29 18:47:54,资深美妆编辑,美妆编辑,三分靠长相，七分靠妆扮！,美容护肤/美体/精油
2690893496,人人都是化妆师,87340,2019--05--20 12:02:42,化妆师Lily,美妆达人,热衷美容护肤，分享化妆心得。,美容护肤/美体/精油
1866822655,全球女王种草酱,5270000,2019--07--19 14:42:28,淘宝官方认证时尚自媒体,时尚自媒体,关注我们的小姐姐都变成嫩草了，我只做你喜欢的那款嫩草收割机,玩具/童车/益智/积木/模型
1791218050,小天狼星刘梦,33142,2019--07--29 16:19:25,淘宝认证时尚编辑,时尚自媒体,点击关注一键变美~/wink,美容护肤/美体/精油
3371944522,Niki的化妆日常,15602,2019--07--05 17:49:17,,,美妆师、购物狂、知名美妆博主,美发护发/假发
1047006310,美妆探,34821,2019--04--04 13:55:33,淘宝认证时尚自媒体,时尚自媒体,爱分享各种美妆经验以及表情包的神秘美妆探长一枚，啦啦啦~不要太爱我哦。,
118353567,抽风的丸子君,5150000,2019--07--01 12:10:43,淘宝认证时尚搭配师,时尚搭配师,深度见解，趣味分析带你走进不一样的时尚美搭界,ZIPPO/瑞士军刀/眼镜
3982196496,JoMaloneLondon祖玛珑,1880000,2019--07--29 13:54:21,,,英国奢宠香氛品牌，崇尚香氛混搭艺术，臻选别致馈赠佳礼。,
2855310938,玲珑邑站,1070000,2019--05--10 15:16:38,时尚专栏作者,时尚自媒体,带你购遍全世界，私服美搭环游记。,
775517580,Yami嘟嘟,2335,2019--06--10 16:57:31,资深美妆时尚达人,时尚自媒体,终极直播,美容护肤/美体/精油
775799486,一口长成丘比龙,6156,2019--07--15 13:46:49,专注潮流搭配，3年时尚咖,时尚搭配师,吃饭了，吃饭了，有好吃的最美好了！,
2490538882,仙女的吃土日记,17478,2019--07--26 11:59:51,知名时尚自媒体，资深编辑,时尚自媒体,爱美是女孩子的天性，为什么要剁手啊！,美容护肤/美体/精油
3203060591,BeautyPlan,54066,2017--08--13 13:07:14,,,合作联系:sakuraluo  时尚领域自媒体KOL，擅长热门时尚攻略分享。,女装/女士精品
2790343144,一株灵芝美上头,36955,2019--07--22 18:31:28,资深美妆达人，分享美妆资讯,美妆达人,你今天真漂亮~,彩妆/香水/美妆工具
77821546,莉茉Limo,1060,2019--07--25 15:09:26,,,绕过最贵的，只选最好的，用有温度的妆容打造你独一无二的美，记得关注哦~,美容护肤/美体/精油
2647286267,摩卡视频,1970000,2019--01--24 17:06:59,美妆时尚内容服务机构,时尚自媒体,美业第一App抹茶美妆旗下                                      最大美妆时尚视频机构,彩妆/香水/美妆工具
2634380537,茄子的穿衣搭配,46453,2019--04--18 13:53:03,,,,女装/女士精品
252632402,梧桐Tone,4640000,2019--07--27 18:10:49,淘宝美妆超级IP,美妆达人,梧桐Tone 纯天然野路子美甲爱好者,彩妆/香水/美妆工具
276161570,挖宝团长,7480000,2019--07--29 17:03:08,资深买手时尚搭配师,时尚达人,可爱不矫情的挖宝团长来啦~分享时尚搭配，小仙女们还不快到碗里来~,女装/女士精品
667241583,面膜叔叔,6670000,2019--06--09 11:43:54,美容师,美妆达人,没有丑女人，只有懒女人。跟蜀黍学，每天美一点！,美容护肤/美体/精油
2399360916,美妆执男,36923,2017--08--12 16:59:57,时尚自媒体,时尚自媒体,喜欢分享化妆的任何事,彩妆/香水/美妆工具
2468795839,呜喵-TV,72641,2019--07--24 01:13:52,二次元bjd文化UP主,UP主,二次元文化の综合频道，下方内容分类查看更多内容，栏目丰富，欢迎催更！,模玩/动漫/周边/cos/桌游
1631560129,赵家七格格,15476,2019--07--22 20:59:55,,,爱美，爱穿搭的小姐姐,家庭/个人清洁工具
2597609546,LISA的美妆日记,1110000,2019--02--25 20:43:49,资深美妆博主7年,美妆达人,听说点关注的姑娘都变美了,美容护肤/美体/精油
3345688311,洋子的美妆课堂,27215,2019--06--04 15:48:17,美妆编辑,美妆达人,热门彩妆护肤，专业种草小能手,美容护肤/美体/精油
777633166,李思思z,1060000,2018--05--08 12:24:00,知名美妆博主 时尚自媒体,时尚自媒体,合作推广请联系:tn-1011,彩妆/香水/美妆工具
2943376131,30秒会化妆,190000,2019--06--03 17:57:05,国际旅游小姐决赛特邀造型师,造型师,国际旅游小姐决赛特邀整体造型师,个人护理/保健/按摩器材
2924800031,优选生活研究所,3389,2019--07--29 18:41:01,知名时尚自媒体，资深编辑,时尚自媒体,品质生活，源于研究所。,个人护理/保健/按摩器材
3254138127,乔老师爱美丽,3451,2019--04--20 12:06:15,,,这个人很懒，什么也没留下,美容护肤/美体/精油
3486020255,br_giorgioarmani,42520000,,,,,
694771719,慧娟Juice,1440000,2019--07--29 16:07:34, 美鱼机构签约主播,淘女郎,超级买手慧娟每日分享时尚潮搭和美妆护肤知识，关注会变美哦～,美容护肤/美体/精油
1788660385,众壹家居馆,35270,2019--07--29 15:43:23,6年家居导购员、实力买手,家居买手,生活如你想象，过我想要的生活！,居家布艺
1040947632,八月Moon,37869,2019--07--26 16:21:15,知名美妆达人,美妆达人,学习各种护肤技巧，一起变美！,彩妆/香水/美妆工具
387964894,小猫试色,79780,2019--07--27 23:49:35,欧美系美甲博主,时尚自媒体,热爱各种美甲，主要做的是指甲油,彩妆/香水/美妆工具
32823890,Fairy菲宝,190000,2019--07--29 18:23:22,淘宝官方认证淘女郎,淘女郎,行走时尚圈的女博士，旅拍达人，时尚达人，千万博主。合作媒体：芒果TV、时尚Cosmo、瑞丽伊人风尚、闺蜜网、海报时尚网等。微博@Fairy菲宝,美容美体仪器
24687421,鹿比玩具乐园,25534,2019--07--26 13:55:10,5年母婴用品导购经验,母婴买手,Lego玩具小视频，宝宝们不亦乐乎！,运动鞋new
673074582,meimei大美人,63448,2019--06--10 18:24:43,哇哦短视频穿搭头部达人,时尚达人,处女座偏执狂,女装/女士精品
2491883522,丢丢小姐,70453,2019--07--29 19:04:38,,,欢迎萌新关注丢丢小姐，有温度的潮流搭配经！,手表
3516401675,淘米多多多,23552,2019--03--31 15:43:50,5年买手，资深时尚搭配师,时尚搭配师,淘米多多专注时尚潮流风格,女鞋
1739653505,Sora腔调馆,86546,2018--12--14 16:00:38,时尚专栏作者，8年造型师,时尚搭配师,为你精选最女神的穿搭法则,
73362744,俄罗斯田园猫,17480000,2018--05--03 22:39:43,,淘宝红人,搜索 小猫试色，虽然总断货但是总会补货的，所以先把教程发出来吧~~,彩妆/香水/美妆工具
2761031501,大萌小明,18773,2019--07--28 21:27:59,,,有爱的世界，到处都是美！,收纳整理
3243047394,小红唇TV,1330000,2018--09--12 13:25:31,小红唇官方账号，美妆老师,时尚自媒体,爱上更美的自己,
830735837,喵小姐的美丽日记,1150000,2019--06--01 15:42:19,美妆达人,美妆达人,喵呜~轻轻松松谈美丽，喵小姐从来这么任性。钉钉：17826859614,美容护肤/美体/精油
37748837,优站我与他,2370000,2018--08--24 21:13:06,,,每一天都能收获美丽心情噢,运动鞋new
451343033,帕特吹莎,52191,2019--02--27 20:00:00,爱玩美甲DIY的帕特吹莎,美妆达人,一起来美甲呀！,彩妆/香水/美妆工具
3249823982,希希爱美甲,15581,2019--04--02 18:11:15,资深美妆编辑,美妆编辑,这个人很懒，什么也没留下,彩妆/香水/美妆工具
77872752,啸哥怪臭美,1460000,2019--06--23 22:03:27,电视台美妆栏目主持人,美妆达人,为您良心评测每一件美妆好物！合作请联系汪旺：hanxiao2208,洗护清洁剂/卫生巾/纸/香薰
495233021,彩小妆,17639,2019--07--25 20:00:06,彩小妆官方账号,时尚自媒体,彩小妆，分享你最想知道的彩妆知识。,彩妆/香水/美妆工具
2490758340,勺子美妆,20859,2019--07--22 10:21:06,,,教你美容，教你化妆，教你变漂亮,
273201430,红妆粉俏佳人,1690000,2019--04--02 09:14:08,资深美妆编辑,美妆编辑,时尚界的护肤小狂人,彩妆/香水/美妆工具
1877246077,珠宝万花筒,21779,2019--02--09 08:00:00,,,莎士比亚：珠宝沉默不语，却比任何语言更能打动女人心。,珠宝/钻石/翡翠/黄金
2188474093,熊妞美妆馆,1006,2019--04--02 22:11:05,,,再丑的女人跟着我，每天学一点，也能摇身一变成时尚美人！,彩妆/香水/美妆工具
616180874,搭配师林L,27963,2018--06--04 09:18:42,你的专属时尚搭配助手,时尚搭配师,潮流美妆及服饰种草推荐，做最美的女人。,女装/女士精品
3158956210,酱紫美妆朱小朱,89689,2019--01--21 09:46:13,淘宝官方认证时尚自媒体,时尚自媒体,知名美妆大咖种草，颜值即正义,彩妆/香水/美妆工具
3050810708,潮搭妹纸,22789,2019--07--24 23:23:37,,,爱潮搭、爱分享的时尚怪咖,童装/婴儿装/亲子装
2853238805,爆炸西柚,1989,2018--11--25 10:00:00,爆炸草莓机构签约达人,美妆达人,合作旺旺：少年狼999,彩妆/香水/美妆工具
1651938632,次元小魔女,1540000,2018--05--04 18:13:51,维度服饰官方账号,时尚网站App,二次元小魔女,模玩/动漫/周边/cos/桌游
674051939,格调享生活,72096,2018--08--10 16:50:30,乐迈机构签约家居专栏作者,家居买手,关注想想，与你讲述何为品质居家生活,住宅家具
388147804,美妆达人江筝,4500,2018--12--28 22:38:15,,,美妆达人 时尚造型师,服饰配件/皮带/帽子/围巾
2812732115,美妆酱,37458,2019--07--25 21:20:52,资深美妆编辑,美妆达人,关注本酱，花更少，买更好！,美容护肤/美体/精油
2712013443,颜方方,95066,2019--07--29 18:05:51,,,,
521161464,美妆小喵,51187,2019--07--27 10:19:41,资深美妆自媒体博主,美妆编辑,美妆达人分享护肤化妆小知识,
3082162350,美妆博主yoyo,3118,2018--10--08 14:13:58,,,专注美妆小知识技巧分享,美容护肤/美体/精油
2660926348,鱼酱的美妆心得,1340000,2019--04--24 15:39:06,资深美妆编辑,美妆达人,美妆博主，不化妆的女人没前途,美容护肤/美体/精油
1763574178,画皮姐姐,91505,2019--07--29 18:32:45,美妆编辑,美妆编辑, 时尚博主，种草狂，功课菌,美容护肤/美体/精油
2540914327,恩妮诗美甲,1880000,2019--07--29 16:46:32,,,恩妮诗美甲甲油胶、值得信赖、不忘初心、方的始终！！！,
2780097286,美妆格格,79866,2017--07--20 13:54:02,资深美妆编辑,美妆编辑,全球美妆种草王,彩妆/香水/美妆工具
2867913147,PINK种草机,64247,2019--05--07 16:48:03,,时尚达人,最新潮流搭配资讯，时尚自媒体,
931275791,xiao猫猫子,1020000,2019--07--28 00:04:28,喜欢美甲的看过来！,美妆达人,款式分享或试色，不定期更新,彩妆/香水/美妆工具
326477487,美伢Makiyo,30171,2018--09--13 17:06:48,,,资深美容达人、新浪微博首页专家页面推荐达人、千万博主、微博红人、时尚杂志撰稿人。,彩妆/香水/美妆工具
2832014769,自然产生美,1270000,2019--07--29 18:09:50,时尚美妆自媒体,时尚自媒体,资深美容师，营养师,美容护肤/美体/精油
310339172,逆袭欧尼涵涵,58677,2019--06--23 09:20:00,资深美妆自媒体博主,时尚自媒体,教你10000种化妆，护肤，搭配技巧，让自己漂漂亮亮享受每一天,彩妆/香水/美妆工具
88211911,人肉种草机,5160000,2019--07--29 18:00:18,美妆达人,美妆达人,美容化妆，好物，彩妆教程，美发技巧（慎入，你进了一个美妆控的博）,美容护肤/美体/精油
3182362560,安大葵,5088,2019--07--29 11:00:35,资深美妆自媒体博主,美妆编辑,我是说话没有东北味儿的东北大妞安大葵~,彩妆/香水/美妆工具
3105048255,我是玥之,22763,2019--03--15 16:02:24,多红机构签约美妆达人,时尚自媒体,心地善良的bt化妆师    黄黑皮   混油肌,
2860127239,前台小艾,21463,2019--04--10 14:56:47,时尚美妆视频自媒体,时尚自媒体,美妆届泥石流的戏精前台,美容护肤/美体/精油
24917245,是丫丫大人哟,1110000,2018--12--27 16:25:12,时尚自媒体,时尚自媒体,时尚美妆博主 One Couture品牌主理人,酒类
3183180452,特邀-专家点评,13873,2019--07--29 10:38:24,,,专业点评实惠好货,厨房电器
4042859726,KM小主闪闪发光,15629,2019--06--14 18:06:09,,,爱时尚的凯M，资深彩妆达人，最大兴趣就是教你变美，想变身，过来吧！,彩妆/香水/美妆工具
1765877271,搭令,770000,2019--06--21 11:41:28,淘宝天下传媒自媒体,时尚自媒体,和闺蜜一起扫货,女装/女士精品
2054525781,王煊Angelo,7003,2019--04--24 10:54:06,美妆时尚自媒体,时尚自媒体,时尚星签约博主,彩妆/香水/美妆工具
2745085353,美筑家,69814,2019--07--01 11:36:52,两年买手，时尚家居采购者,家居买手,爱生活的生活家。,居家日用
721770425,余豆豆呀,31882,2018--10--20 19:46:34,知名美妆博主 时尚自媒体,时尚自媒体,这个人很懒，什么也没留下,美容护肤/美体/精油
3238009095,kellykessa凯莉凯莎旗舰店,3090000,2019--07--29 13:43:26,,,,
78150429,华医生,18152,2019--05--05 23:01:26,3年买手，资深时尚自媒体,时尚自媒体,一个专注时尚美丽的健康专家,OTC药品/医疗器械/计生用品
413154319,刘晨cici,4370000,2019--07--29 11:20:05,淘宝官方认证淘女郎,淘女郎,这个人很懒，什么也没留下,
3681027727,美妆圈的大佬,59900,2019--06--23 18:04:05,资深美妆自媒体博主7年,时尚自媒体,这个夏天~唯有口红和美甲不可辜负！,彩妆/香水/美妆工具
13544678,一南柯记一,2760000,,,,这个人很懒，什么也没留下,
1106210990,骨感妹纸,1260000,2017--11--24 10:23:49,淘宝认证时尚搭配师,时尚搭配师,私人搭配师Vicky与你分享独家搭配秘诀。,
2464485055,居家唯物论,9705,2018--10--20 09:23:56,资深家居买手，品质生活,家居买手,温馨家居搭配，高颜值唯物推荐~,餐饮具
3928694803,粥粥美妆日志,1201,2018--10--31 18:02:57,,,时尚美妆博主,美容护肤/美体/精油
70536266,女装搭配师艾美,3390000,2019--07--20 14:59:55,7年资深时尚搭配师,时尚达人,专注服饰穿搭，让小个女生也能穿出气质和时尚。,美发护发/假发
1104408370,嘉胜美,25444,2019--07--29 15:20:32,,,精彩搭配，幸福你我他,女装/女士精品
2771494819,时尚美妆趴,1920000,2019--06--05 11:04:15,波罗密机构签约美妆博主,美妆达人,不放过每一个变美的机会。,美容护肤/美体/精油
2810024124,是小盒子呀,41227,2019--07--25 11:38:51,,,一个爱美的话痨
致力分享时尚穿搭 | 美妆试色| 种草合集,洗护清洁剂/卫生巾/纸/香薰
1077745675,冰纯茉莉,32245,2019--07--07 10:40:29,7年导购，资深时尚搭配师,时尚达人,有一种刚需叫穿衣，有一种提升叫打扮,珠宝/钻石/翡翠/黄金
2217265661,噜噜lumos,62687,2018--12--29 18:28:16,时尚自媒体,造型师,一个喜欢在脸上涂涂画画的不知名博主,彩妆/香水/美妆工具
2833872436,好物点评团专家,44741,2019--07--29 18:08:45,美妆时尚达人,美妆达人,好物买买买，形象设计师,美容护肤/美体/精油
3334681006,宝儿_Bowry,11479,2019--04--09 16:59:28,摩卡视频签约达人,时尚自媒体,模特&amp;艺人出身，美妆时尚达人,彩妆/香水/美妆工具
2645215035,顽潮,71529,2018--01--06 18:08:11,,,一个致力于为男宝宝们发掘各种鲜货的小激动。,
1912894605,酱资小妹,96260,2019--03--06 11:41:07,女性街拍搭配时尚博主,时尚自媒体,小资 时尚  有趣  潮流  集合地,美容护肤/美体/精油
53762408,不美问诊室,14988,2019--05--10 14:41:43,时尚美妆博主,时尚自媒体,你的美丽顾问,美容护肤/美体/精油
2575861351,意匠居,69185,2017--11--02 12:53:15,,,和你的家来一场风花雪月的较量。,
2763096131,misscandy糖果小姐,2070000,2019--07--15 11:05:05,,,健康美甲，就是miss candy。更多美甲花色教程，可以关注我们哦。,彩妆/香水/美妆工具
113173755,大牌姐,29901,2019--07--29 17:58:25, 时尚自媒体：美妆博主,时尚自媒体,唐域文化旗下签约达人,彩妆/香水/美妆工具
1049800291,妆婆婆,1520000,2019--06--10 17:34:39,美妆达人,美妆达人,活到老，妆到老。ww：lspgne,美容护肤/美体/精油
2868655873,型男ACE,1020000,2018--01--16 11:56:08,品味男士生活资深顾问,时尚达人,专注潮流分享，最新时尚资讯。,男装
3325821271,今天怎么搭,56706,2019--05--29 12:50:57,时尚视频达人，穿搭博主,时尚达人,有穿搭烦恼或美衣链接，粉丝裙找我吧~~,箱包皮具/热销女包/男包
91395571,左右香水_爱在我左右,6540000,2017--01--09 16:39:01,,,这个人很懒，什么也没留下,
3626596873,YSL圣罗兰美妆官方旗舰店,53680000,2019--06--12 10:36:55,,,为爱而生、拒绝乏味、悦享生命。YSL圣罗兰以独特的风格，自由游走于优雅与率性之间，诠释摇滚、性感、年轻、前卫、大胆、自由、始终引领当下的品牌精神,
1755159260,娘娘有话说,1920000,2019--07--20 23:33:24,,,店在上海普陀区,女装/女士精品
2961696014,法图麦,11168,2019--03--31 16:27:52,高级美容师  美妆达人,美妆达人,专注护肤的成分党,彩妆/香水/美妆工具
3649775980,br_ysl,46450000,,,,,
2636076471,想想喆喆,2780000,2019--07--24 10:08:53,淘宝官方认证淘女郎,淘女郎,我是想想喆喆 一个走心的美妆博主！,饰品/流行首饰/时尚饰品新
64853820,王思力,79653,2018--11--23 17:30:06,女性街拍搭配时尚博主,时尚自媒体,商务合作钉15082849565,
3888507336,心居佳品,22636,2019--01--12 12:38:36,8年百货销售经验的导购员,家居买手,为消费者提供了更多的选择空间；以环保理念和环保行动，忠实履行对消费者、社会、自然的责任。,床上用品
1895157204,护肤说说,1510000,2019--05--17 09:21:21,资深化妆师,美妆达人,多平台护肤达人，分享美丽心得！,美容护肤/美体/精油
1784993568,sweet小瑜,1270000,2019--06--18 16:45:12,羊俊笙机构签约主播,淘女郎,有美妆直播经验，性格开朗大方所以也有一些粉丝，对彩妆比较了解，扬琴十级、唱歌跳舞等才艺表演都OK,美容护肤/美体/精油
3102338060,一个囤仔,4834,2017--12--12 15:48:39,淘宝认证时尚自媒体,时尚自媒体,一个热爱生活的人
工作联系vx：TN-1011,美容护肤/美体/精油
1759494485,李佳琦Austin,58880000,2019--07--29 00:38:53,淘宝直播TOP主播口红一哥,美妆达人,美宝莲明星在职彩妆师 每晚8点10分直播,彩妆/香水/美妆工具
3711144062,br_givenchy,39340000,,,,,
3389668477,br_esteelauder,70280000,,,,,
3230910242,明智奶爸,1620000,2019--07--08 09:52:10,知名玩具母婴自媒体,母婴自媒体,看一个奶爸眼里的妈妈、养育宝宝那些神器,玩具/童车/益智/积木/模型
2878801092,小意义的玩美笔记,80135,2019--01--05 12:15:28,时尚美容自媒体人,时尚自媒体,不求完美，只为玩美！资深玩家小意义，带你一起玩美妆、玩风格、玩恋家...,彩妆/香水/美妆工具
812875292,我是安布,22719,2019--04--24 02:14:57,资深时尚达人,时尚达人,你好吗？我在等你呀。,女装/女士精品
2584348502,潮人智,61852,2018--01--07 13:25:07,淘宝认证时尚搭配师,时尚搭配师,聚焦时尚穿搭，分享搭配技巧！,手表
2140772376,众壹爱家居,18420,2019--03--07 16:10:58,资深家居买手，实力达人,家居买手,合作加钉钉：ding853437044；有着多年的线下家居用品和家具的导购经验，有足够的经验可以对不同人群给出最合理的家居导购。,影音电器
60363165,魏滋滋zizi,89536,2019--04--16 16:21:34,时尚美妆博主,淘女郎,时尚星签约博主，微博@魏滋滋zizi。,彩妆/香水/美妆工具
101980893,可大可Fiona,3070000,2019--07--19 17:14:20,淘女郎认证 GO时尚签约达人,淘女郎,南京生物学硕士超辣哒er~~和我一起聊护肤聊育儿吧(#^.^#),美发护发/假发
2200552186314,七虾试色,8506,2019--07--29 11:53:50,资深时尚视频达人,美妆达人,屁话多，戏精天赋点满的美妆博主!,
35443071,小舟姐姐,2160,2019--07--29 10:57:06,,,一眼美妆  发现你的美,
3296588695,JOJO超爱撸眼妆,15638,2019--07--26 21:00:00,美妆自媒体，分享美妆技巧,时尚自媒体,沉迷撸眼妆，网红潜力股,美容护肤/美体/精油
3094856003,好物视界点评,53299,2019--01--14 17:50:39,淘宝认证时尚搭配师,时尚搭配师,伪女神，真汉子，预览生活大视界,女鞋
2592247793,vo香橙,120000,2019--07--29 18:20:35,,,这个人很懒，什么也没留下,彩妆/香水/美妆工具
17012414,小众轻奢好物,1040000,2019--07--29 18:59:52,,,吃土也要买买买~,
271476285,卡妞美甲企业店,2310000,2019--07--29 15:36:45,,,卡妞美甲----针对美甲店 只做好品质。
店内新款不断，您的满意是我们最大的追求，大家多多关注哦！,
389855757,寇十三,1380000,2019--07--21 15:08:12,时尚美妆自媒体,时尚自媒体,行走中的种草酱,美容护肤/美体/精油
354406253,然然妈全球购,1870000,2017--07--10 15:59:02,,淘宝红人,这个人很懒，什么也没留下,彩妆/香水/美妆工具
2878464377,半月行者,1270000,2019--07--27 13:07:54,,,时光流逝，心依然年轻,户外/登山/野营/旅行用品
2901933154,洛家庄,1640000,2019--07--28 13:16:28,淘宝官方认证家居自媒体,家居自媒体,合作联系：洛家庄:合作                                              生活如你想象，过我想要的生活！,粮油米面/南北干货/调味品
3085998803,Andy时尚游记,65488,2019--07--18 11:10:10,淘宝认证时尚搭配师,时尚搭配师,带给你最好的时尚体验,女士内衣/男士内衣/家居服
1133660946,大果粒静,34384,2019--07--29 18:30:03,6年美甲师 门店造型师,美妆达人,这个人很懒，什么也没留下,彩妆/香水/美妆工具
2928501397,糖豆青年,1542,2018--09--07 08:20:42,,,追求时尚的资深型男,运动鞋new
2564660119,颜型控,1250000,2017--06--11 19:37:04,型男的穿搭控,时尚搭配师,颜值不够型格来补，玩转的是人生！,男装
2497509022,橘子郡菲菲,7970000,2019--07--28 17:53:45,,淘宝红人,不忘初心 方得始终,
1075120043,爱美的翠花,1610000,2019--02--23 11:51:37,美妆博主,时尚自媒体,爱美爱妆的我，与你分享美丽。合作请联系汪旺：nancui8803,彩妆/香水/美妆工具
459502478,时尚搭配师天心,5267,2019--06--19 21:28:28,资深时尚搭配撰稿人,时尚自媒体,认真做自己就好。,男装
115209978,美妆手札,110000,2019--05--20 10:06:36,资深美妆编辑 ,美妆编辑,我晒的不是化妆品，而是变美的方式。,彩妆/香水/美妆工具
2226241138,气味图书馆旗舰店,29990000,2019--07--19 16:20:36,,,这个人很懒，什么也没留下,洗护清洁剂/卫生巾/纸/香薰
2310262904,LoveAmoy的小锁骨,1130000,2019--06--07 16:22:41,淘宝认证时尚搭配师,时尚搭配师,没有什么理由，就是喜欢分享。,箱包皮具/热销女包/男包
151936778,型男小天君,4011,2018--06--12 13:23:35,资深美妆编辑 ,美妆达人,美妆护肤达人，穿搭造型统统教你搞定！,美容护肤/美体/精油
506044139,淘妆萌主,1410000,2019--05--20 19:34:41,资深美妆达人,美妆达人,全球美妆种草攻略,美容护肤/美体/精油
127168973,liangtoday,2080000,,,,,
2911087565,爱美煊煊,57260,2019--07--22 17:40:29,美妆自媒体达人,时尚自媒体,这里让你与众不同,美容护肤/美体/精油
3179216385,美妆汇Maby,31242,2017--08--09 15:41:31,飞博旗下美妆博主,时尚自媒体,关于变美这件事，有我就够了,
33202900,买淘迷,4317,2019--05--25 00:36:36,,,强迫症+完美主义的好物分享,女装/女士精品
1137610059,练瑜伽伴侣,4780000,2019--07--18 17:48:26,淘宝认证健身自媒体,运动户外自媒体,美好肉体的塑造指南！,运动/瑜伽/健身/球迷用品
3170160060,美妆小能手鹿小蚊,70398,2018--03--13 09:50:33,,,在我眼中，在我心中，有你的出现就有蔚蓝天空。
梦的城堡，用爱守候，最美好的时光在这停留。
就让我陪在你身旁，当你快乐或是绝望。,个人护理/保健/按摩器材
1768493337,带货买买菌,46166,2019--05--30 09:42:10,,时尚达人,汉服之美，一梦千年,女装/女士精品
827266299,追动漫,2120000,2019--07--20 15:54:34,动漫自媒体,动漫游戏自媒体,专业推送动漫最新资讯及分析,
2762034444,少男衣橱,7355,2019--07--24 11:27:19,资深服饰搭配师,时尚搭配师,男人的私密，形象的先知，时尚与潮流的结合！推广合作联系钉钉：15067892369,流行男鞋
1653865467,慕紫菇凉,54589,2019--07--29 17:56:58,淘宝认证时尚自媒体,时尚自媒体,明人不说暗话，一起变身精致喵女王吧！,彩妆/香水/美妆工具
3013406773,周语妍,9162,2019--02--22 10:39:58,,,这个人很懒，什么也没留下,洗护清洁剂/卫生巾/纸/香薰
739250654,Vika北北,10395,2019--07--24 17:31:40,,时尚自媒体,时尚达人   知名美妆博主，合作请联系tn-1011,彩妆/香水/美妆工具
2330004063,恩佳N,10950000,2019--07--28 18:23:24,淘宝官方认证淘女郎,淘女郎,时尚狂热分子
不缺钱不缺德只分享
美丽俏佳人特邀时尚嘉宾
,
682193000,型男师福哥,39954,2017--10--11 22:36:53,淘宝认证时尚搭配师,时尚搭配师,福福1022 ，专注潮流分享，资深时尚咖,男装
626230892,品位潮搭,2570000,2019--07--29 16:10:55,淘宝认证时尚买手,时尚买手,男士穿衣搭配指南（商务合作钉钉：15710319936）,箱包皮具/热销女包/男包
33857895,花椒美肤,15631,2019--04--15 14:28:18,10年美妆开发从业经验,美妆达人,评测美妆好物，分享美妆教程，努力做一个真实接地气的美妆博主,彩妆/香水/美妆工具
1093704548,王月楠Nancy,92349,2019--07--29 18:32:46,美妆博主王月楠,时尚自媒体,商务合作请私信,彩妆/香水/美妆工具
422348080,酥酥_Su,18827,2019--04--18 09:00:00,三上影视签约淘宝主播,淘女郎,留学米兰 服装设计师 专业搭配,美容护肤/美体/精油
887627848,佳丽美妆师,1070000,2019--05--20 17:29:57,美妆个护编辑,美妆编辑,佳丽美妆,美容护肤/美体/精油
2743230305,saline时尚穿搭,17908,2018--12--10 14:46:53,服装搭配师，资深时尚咖,时尚搭配师,爱挑 会买 乐于分享！把最好 最实惠的宝贝分享给大家！,箱包皮具/热销女包/男包
11193255,fei.qi,42011,2019--07--29 15:32:10,,,,
217101303,PG生活家,83720000,2019--07--29 14:03:42,,,这个人很懒，什么也没留下,
3100718140,水蛋蛋开箱,24592,2019--06--26 17:47:38,,,这个人很懒，什么也没留下,居家日用
725997350,麦兜0706,33173,,,,常驻加拿大学习工作,
2232223913,韩老师的好物点评团,16283,2018--09--06 11:38:24,,,投洋科技旗下视频达人,美容护肤/美体/精油
1900464429,avon雅芳官方旗舰店,6470000,2019--07--28 21:58:45,,,,
379914729,乐活君H,150000,2018--06--12 17:34:27,资深家居买手,家居买手,合作：green豪house,餐饮具
1016775185,小美爱丽莎,100000,2019--07--29 14:24:34,时尚自媒体,时尚自媒体,爱直播爱生活,美容护肤/美体/精油
2504074605,海报时尚网,63098,2018--11--22 17:03:50,海报时尚网官方账号,时尚媒体,领先的时尚互动媒体。愿你时髦，内心骄傲！,饰品/流行首饰/时尚饰品新
1987117797,时髦有腔调,1090000,2019--06--02 12:41:10,时尚编辑，5年资深搭配师,时尚达人,每天分享时髦好货,商家合作，,可以留言哦。,女装/女士精品
332830327,法丽莎化妆品专营,4060000,2019--07--29 13:22:36,,,国际大牌化妆品倡导者，以美之名，伴您前行！！,
3280909110,全球发现之旅,19626,2019--07--23 18:16:21,,,潮流炫酷的旅行大本营,户外/登山/野营/旅行用品
3011358405,新锐杂志,21644,2018--07--14 02:00:00,,,服装搭配、美容护肤实战攻略,美容护肤/美体/精油
100836771,大苗苗wish,260000,2018--03--09 19:49:26,,淘宝红人,这个人很懒，什么也没留下,
3092337813,蛋奶大馒头,39393,2019--07--29 15:40:02,,,潮流美搭尽在这里，每日更新时尚搭配最新资讯，让你学会穿搭，爱上生活！合作添加旺：小小小cheer,
3216522727,甜茶Mola,6722,2019--07--28 23:53:31,资深时尚自媒体,时尚自媒体,我是甜茶，一个专门教你买买买，美美美的小公举！,彩妆/香水/美妆工具
2234651355,严谨败物教,23209,2019--06--29 18:07:18,,,变美没有说明书，但你有我~,美发护发/假发
1824236406,啾咪的变美手账,1070000,2019--07--10 11:52:01,知名美妆博主,美妆达人,变美没有说明书，但你有我！,美容护肤/美体/精油
2605193237,松本清Matsumotokiyoshi,17040000,2019--06--13 17:04:39,,,这个人很懒，什么也没留下,美容护肤/美体/精油
865141112,食尚领潮流,1410000,2018--03--06 14:35:21,资深美食大咖,美食达人,引领时尚新潮流,零食/坚果/特产
3431047172,阿多普特旗舰店,38787,2018--12--29 15:52:41,,,,
1589326844,壹方搭配,4165,2018--09--25 17:18:44,设计总监，8年资深搭配师,时尚自媒体,带你发现更美的自己,女装/女士精品
373868496,jasmin0102,1260000,2019--05--20 18:09:21,淘宝认证时尚自媒体,时尚自媒体,时尚达人 /双胞胎母婴达人,美容护肤/美体/精油
3322716316,小琰琰,32139,2019--07--29 18:05:08,资深时尚自媒体博主,时尚自媒体,来成都，小琰琰带你化妆带你吃菊爆火锅~,彩妆/香水/美妆工具
2155022199,徐大禹Phil,1010000,2019--07--18 15:40:29,型男领域时尚博主,时尚达人,教你变帅，我是认真的！,男装
3113645015,西西爱笑,4973,2019--07--28 17:35:00,知名美妆博主，资深编辑,美妆达人,你需要的最专业护发知识都在这里,美发护发/假发
3476605844,香遇沙龙香水,45178,2019--07--29 13:45:43,,,原创文艺沙龙香水品牌&mdash;&mdash;在上海，苏州，南京，北京，扬州等各大城市顶级景区都有线下网红门店。,
781498145,小熊bab,67077,2017--09--29 10:49:05,,,更多美容知识咨询：工艺美99,美容护肤/美体/精油
2914096567,sephora丝芙兰官方旗舰店,29520000,2019--07--29 10:00:00,,,时尚美妆小编,彩妆/香水/美妆工具
3827567425,K神小卡米,1202,2018--12--20 11:27:30,,,时尚美妆自媒体， 分享各种美妆技巧心得,
2219605127,是阿晨大大,13331,2018--06--25 16:52:32,美妆达人，美拍时尚红人,淘女郎,一看就是个不正经的美妆博主,彩妆/香水/美妆工具
90064212,robbyanlin,16442,,,,,
1107104792,买买菌频道,1010000,2019--05--07 17:36:23,淘宝认证时尚自媒体,时尚自媒体,自从感染了买买菌，你的钱包就不会好了!
约稿联系：TN-1011 ,彩妆/香水/美妆工具
3194489123,潮人小哈比,16138,2018--10--31 23:58:48,,,想长高的小哈比，很潮的编辑。,女装/女士精品
3039921248,疯-潮,1230000,2019--07--29 09:48:06,时尚自媒体,时尚自媒体,钉钉13688097232,洗护清洁剂/卫生巾/纸/香薰
2270328051,美妆潮流酱,1020000,2019--05--16 12:54:29,资深美妆种草达人,美妆编辑,美妆潮流，每天给你分享新东西哦,彩妆/香水/美妆工具
132079640,3pang家大叔,5220000,2019--07--29 18:42:19,,,北美轻奢箱包服饰资深买手，常年居住美国，具有第一手时尚及优惠信息,
150975181,刘巧巧,1050000,2019--07--26 17:19:52,美妆博主,美妆达人,钉钉15082849565,彩妆/香水/美妆工具
786171415,强力种草,30322,2019--03--27 08:33:09,,,渴望成为专业测评节目的非专业测评节目！,3C数码配件
275550233,创逸饰家,45141,2019--07--29 18:52:11,创精品饰家，享安逸生活。,家居买手,家居专业测评师，带你挖掘生活中最独特的好物。合作扣：353398343,彩妆/香水/美妆工具
2480331187,fun小尾,72155,2019--04--18 16:06:22,专注潮流分享，资深时尚咖,时尚搭配师,探索所有好玩又俏美的事物,个人护理/保健/按摩器材
881794324,我是桃子菌,11094,2019--06--04 11:55:05,淘宝官方认证淘女郎,淘女郎,时间是最好的评测师，不买贵的只买对的，发现一切与美有关的妆品！,美容护肤/美体/精油
3382932207,SuperELLE,76844,2019--06--20 20:17:59,ELLE旗下的超媒体平台,时尚媒体,ELLE旗下的超媒体平台,美容护肤/美体/精油
2254675600,铃原爱蜜莉丶,40728,2019--07--23 15:58:47,,,爱穿搭，爱美妆，爱生活，我是 爱蜜莉酱 合作添加旺：小小小cheer,女装/女士精品
790315886,大韬哥,4030000,2019--07--29 17:08:04,秀猪机构签约主播,淘女郎,中国啦啦操二级教练，明星脸嘉宾秀,
3366930982,慧儿姐姐,49732,2019--04--11 16:30:37,知名时尚自媒体，资深编辑,时尚自媒体,联系+旺信：一米阳光764066695,女士内衣/男士内衣/家居服
1874663476,CC爱美甲,61599,2019--07--05 09:26:37,,,专注于从一个完美女人的各个角度去探索如何成为一个靓丽女性,彩妆/香水/美妆工具
931228902,挖宝美妆师,97185,2019--05--20 16:05:08,资深美妆编辑,美妆编辑,美妆大咖    13456945477    贝盈达人,美容护肤/美体/精油
4020676467,萌萌小蜜桃,1182,2019--07--29 10:26:36,淘宝认证美妆达人,美妆达人,资深美妆小白鼠一枚！,彩妆/香水/美妆工具
794115300,囤不丸啊,5381,2019--02--16 16:49:30,,,每天为你种草的美妆号，不踩雷！,彩妆/香水/美妆工具
23660720,paper27,56123,,,,,
3251809801,菲拉格慕锋达专卖店,1330000,2019--02--26 09:54:03,,,,
3052505346,居家达人-酱酱,3432,2019--07--29 18:41:20,,,爱化妆的妹纸看过来，错过了这村，你可能就错过了一万个蓝盆友。,大家电
3070138646,芒果台我是大美人,4740000,2019--07--29 17:28:51,湖南卫视《我是大美人》官方账号,时尚媒体,变身大美人，一起做女神！,彩妆/香水/美妆工具
283601870,甜颜_,1020000,2019--05--09 18:25:48,资深美妆自媒体博主,美妆编辑,嘘~甜颜蜜语只说给你听！,女士内衣/男士内衣/家居服
388030906,一颗小水晶,31959,2019--02--18 16:45:56,淘宝认证时尚博主,时尚达人,最奇妙的缘分，莫过于一次不经意的邂逅，她给了我这个邂逅，我把这个邂逅带给你们。,女装/女士精品
847929682,搭配师-杏子,1360000,2019--07--27 17:53:25,潮女搭配师,时尚搭配师,合作联系wang：zhuhui199719,
2707229878,Star梨花家,10813,2018--04--09 12:11:16,,,,
55743072,马小麦,1170000,,,,,
2243742995,洋淘识货,20673,2019--07--29 17:40:39,资深美妆编辑,美妆编辑,爱护肤，爱美妆，学会做一个漂亮精致的女人,
3839839033,小丸子姐姐,2870000,2019--07--29 18:10:14,,,主播小丸子连衣裙姐姐,
2952550706,美享家,1310000,2017--07--04 17:06:39,淘宝认证居家买手,家居买手,深度合作 请钉钉~：15169535626,家居饰品
2901516601,化妆护肤教室,97212,2019--07--29 17:39:01,资深时尚杂志主编,时尚自媒体,这个人很懒，什么也没留下,美容护肤/美体/精油
916840750,番茄派旗舰店,5710000,2019--07--28 19:45:01,,,专注手足护理,
2433111830,colourfeel旗舰店,2570000,2019--07--28 20:33:34,,,colourfeel旗舰店,
4154462179,美妆搭配潮流,2513,2018--09--25 16:19:48,,,美妆时尚搭配师,彩妆/香水/美妆工具
2147348907,果汁搭配,5657,2019--03--30 20:49:51,香帝缘签约男装搭配设计师,时尚达人,时尚小熙，教你潮男穿搭,男装
325662036,爱美丽的夏老师,71874,2019--07--26 10:11:11,7年资深美妆编辑,美妆达人,作为一门关于美的艺术，每个人的美丽都是独一无二的。,美容护肤/美体/精油
1036383463,Red妆酱,22661,2018--11--09 17:11:03,知名美妆博主,美妆达人,定期更新有关美妆的小知识与视频,彩妆/香水/美妆工具
1622352148,姚星彤,4842,2019--03--19 10:55:42,,,我叫卫斯理,美容护肤/美体/精油
1774345208,梓希yuer,2040000,2019--07--22 11:43:23,淘宝官方认证淘女郎,淘女郎,Hi,我是的平面麻豆陈梓希，一个喜欢钻研美妆和搭配的超级爱美炫女子~,
2671758152,gaga师妹,77929,2018--02--03 10:49:01,淘宝官方认证时尚自媒体,时尚自媒体,时尚博主，美妆达人,彩妆/香水/美妆工具
186323653,小仙女韩妆店,2208,2019--07--29 14:17:16,,,这个人很懒，什么也没留下,
2743053112,教你零起步学化妆,1020000,2019--07--29 18:24:48,5年化妆师,时尚自媒体,这个人很懒，什么也没留下,
267395772,多云和晴天,11146,2019--07--25 15:15:30,5年买手，美妆护肤达人,时尚自媒体,一个靠脸吃饭的美妆博主,
2529830276,红妆资讯,21989,2019--07--29 11:39:18,知名时尚类目撰稿人,时尚自媒体,这个人很懒，什么也没留下,美容护肤/美体/精油
552842013,My许诺,120000,2019--07--18 13:46:15,淘宝官方认证红人,淘宝红人,只为，热爱生活,
3227194661,小丸子安利手记,14620,2019--05--20 18:19:01,,,一枚会化妆的小丸子。商业合作：钉钉15132695797,美容护肤/美体/精油
2578369466,猪八萌主,12059,2018--04--21 23:14:33,小个子穿搭博主,时尚达人,有趣的灵魂1米53,
2509708487,妮妮爱化妆,1450000,2019--07--11 16:05:04,化妆师妮妮,美妆达人,天生爱妆。ww：lspgne,美容美体仪器
313293413,默小语77,34179,2019--06--02 17:04:16,,,,
3039586174,潮男来了,66764,2019--07--09 13:22:12,资深型男达人，时尚博主,时尚达人,只想静静的一直帅下去！,运动鞋new
3271841956,豆子的美妆日记,34410,2017--11--17 19:35:05,资深美妆博主,美妆达人,花最少的钱撸最美的妆。关注豆子遇见更美的自己，让你变美不踩雷。,
1051011293,搭配师Belle,1780000,2019--03--20 21:00:00,时尚潮女搭配师,时尚搭配师,合适你的才是最时尚,流行男鞋
1665920571,品流型男,56393,2019--07--24 23:39:15,淘宝认证时尚自媒体,时尚自媒体,商务合作钉钉：13202314466，旺旺：半倚月照西楼,手表
2710831237,AI动君,84770,2017--08--10 17:21:23,,,AI运动、AI生活、AI分享,户外/登山/野营/旅行用品
508112109,波波莫斯科代购,93161,2019--02--19 17:31:48,,,手机淘宝，精彩不断,
201293106,型男日记_恩博,2120000,2019--07--29 12:50:29,资深时尚咖，型男搭配师,时尚搭配师,用心种草，只为更好,男装
3422428187,琳儿的梳妆台,19777,2019--04--19 10:33:29,,美妆达人,关注琳儿的梳妆台，给你最贴近明星的生活，最有趣的日常，最美的妆容！,家庭/个人清洁工具
2997147887,买手grace,21969,2019--01--17 15:44:42,淘宝官方认证时尚自媒体,时尚自媒体,搜罗全球美妆好货,彩妆/香水/美妆工具
2427924982,潮大大C罗,22886,2018--07--21 13:51:24,,,东莞淘优文化传播有限公司签约达人！,收纳整理
3596336659,林漂亮每日一妆,49529,2018--10--25 00:30:21,美妆从业5年，资深美妆师,时尚自媒体,比你年轻的00后要统治美妆界了,美容护肤/美体/精油
3299808534,兔子美美,2005,2019--07--16 16:35:48,,,没错，25岁以后你的美就是用钱砸出来的！,女鞋
198631722,造势者-Jesse,60963,2019--07--09 10:44:26,哇掌柜机构旗下红人,时尚达人,分享潮流、资讯，做一个有态度的时尚达人。,男装
3975411448,小妞妞Mm,5200,2019--07--27 12:33:00,6年平面模特，资深搭配师,时尚搭配师,Hi，美妞们，我是Miaomiao
...,女装/女士精品
3349136369,彩妆小公主,29664,2019--05--20 13:36:28,时尚美妆自媒体,时尚自媒体,商务合作请加钉18137617855,美容护肤/美体/精油
2491357740,每日妆点日记,18091,2019--05--20 13:52:05,知名美妆博主，专注美妆,美妆达人,没有丑女人，只有懒女人！,彩妆/香水/美妆工具
62505018,饭冰冰style,34613,2019--07--23 18:28:13,淘宝认证时尚搭配师,时尚搭配师,。。。。。。。。。。。。。。,女装/女士精品
3334356681,DEMOGIRL_瀛子_,22285,2019--07--25 18:13:49,摩卡签约美妆博主,时尚自媒体,这个人很懒，什么也没留下,彩妆/香水/美妆工具
2046872737,seoul宅急便,44157,2018--11--10 17:41:20,,,你的专属韩国代购~喵~,
2462097334,化妆造型师糖糖,1030000,2019--07--29 10:20:33,,,商家合作联系旺：如若巧语兔兔255888,
2885155312,美丽好物,24888,2019--07--28 10:02:45,知名美妆博主,时尚自媒体,美丽是女人一生的追求，我们一起来探索美丽好物吧！,彩妆/香水/美妆工具
2769690059,豆丁俄罗斯逛吃购,1410000,2019--07--29 17:21:03,,,俄罗斯带你购购购,
3474165959,菲要美成仙,120000,2019--01--25 16:27:39,淘宝认证美妆视频达人,时尚自媒体,邵玉菲Sophia  iEVER 签约KOL 时尚美妆视频自媒体  主持人  喜欢把最美的、最夯的化妆、护肤技巧分享给大家。,彩妆/香水/美妆工具
1903279640,YoyoShow,5440000,2019--06--29 15:00:00,秀猪就签约时尚达人,时尚达人,搭配大师Yoyo，你的服饰引领者。,女装/女士精品
746072241,之一君,53902,2018--06--20 16:19:55,,,一个很爱买又很会买的时尚精~,女装/女士精品
759757301,糖宝宝成长记,3110000,2019--05--15 14:15:13,全职宝妈，直播达人，母婴买手,母婴买手,虽然是个人主播，但我们是最诚信、最可靠、性价比最高的母婴主播！
联系ID：欧乐家,玩具/童车/益智/积木/模型
2933819883,水儿0淘,97524,2018--12--07 22:39:59,淘宝认证家居买手,家居买手,5年买手，资深家居采购师,床上用品
3833875902,会飞的小懒猫,13932,2019--06--25 19:58:45,,,,
2831755141,范先生的穿搭日常,77179,2019--05--03 14:01:50,2年服装模特，服装搭配师,时尚搭配师,一个乐于分享男生搭配的热血青年,
3052983988,潮男腔调,30022,2019--07--27 19:09:15,淘宝认证时尚搭配师,时尚搭配师,简约穿搭，穿出型男逼格,男装
3526162526,iamQyyyy,2367,2019--01--05 11:41:44,时尚美妆博主,时尚自媒体,时尚美妆达人、美妆短视频博主,彩妆/香水/美妆工具
1095535631,型男造型sir,3294,2019--07--27 10:57:09,,,时尚自媒体达人,男装
150769194,眉大痣,4190000,2019--06--16 14:56:18,,淘宝红人,眉大痣美妆达人,
1902289213,创意集合部,780000,2019--07--18 11:10:42,秀猪机构签约家居美学达人,居家美学达人,资深私人居家美学顾问,餐饮具
4066354282,Iam方美丽同学,22700,2019--03--19 10:28:40,时尚美妆博主,时尚自媒体,一枚个性的中韩混血美妆红人，还是Meevely的品牌主理人。,美容护肤/美体/精油
1026069410,阿良kerwin,2290000,2019--06--25 17:35:02,,,穿搭是种态度,男装
3828110306,cosme美妆大赏,34927,2019--07--29 18:41:38,,,@cosme是日本最大的化妆品美容综合网站，每年发表由消费者评选的化妆品美妆大赏，是日本权威的美容化妆品排行榜。,美容护肤/美体/精油
2200718830594,2200718830594,11840000,,,,,
2731314416,Bonnenuit,77933,2018--09--05 16:49:14,,,每日潮流播报,
3534240921,熊吱吱FinFin,32872,2019--05--22 19:50:55,时尚美妆博主,时尚自媒体,美妆界的混子博主！,彩妆/香水/美妆工具
2999266365,后世潮男,65242,2019--03--01 16:02:28,6年资深时尚搭配师,时尚搭配师,在每个男生学会穿搭故事中，都会有一个启蒙老师,流行男鞋
2200657724895,颜小妙,3010000,2019--07--29 18:25:59,,,妙颜社内容达人,
56533717,小颖美妆师,1450000,2018--10--18 13:00:38,资深美妆编辑 ,美妆编辑,分享关于美妆护肤的一些心得。商家合作请联系企鹅：21400849,彩妆/香水/美妆工具
497116795,道上都叫我赤木刚宪,4280000,2019--07--12 15:08:12,时尚美妆视频自媒体,时尚自媒体,一个正经教你变美的不正经单眼皮博主,彩妆/香水/美妆工具
3162344731,橙子美妆酱,60325,2017--10--08 16:42:56,知名美妆达人橙子美妆酱,美妆编辑,学习美丽知识，让你越变越美！,彩妆/香水/美妆工具
2934922814,构美机构,1150000,2018--10--25 13:22:47,,,专注于短视频穿搭分享,
2936375761,家居研究所,3439,2019--05--30 00:01:59,4年买手，资深家居自媒体,家居买手,点击图片可以领优惠券，购买更优惠,
2252012056,潮流侵袭时尚,43201,2016--10--17 17:30:32,专注时尚搭配，5年搭配经验,时尚搭配师,这个人很懒，什么也没留下,
927694817,170男神,1080000,2019--04--04 13:31:34,小个子男生的时尚顾问,时尚达人,谁说一米七就低人一等啊？,流行男鞋
2588432413,美妆心得app,2470000,2017--08--29 18:35:00,美妆心得app官方账号,时尚网站App,美妆心得，你的美妆消费指南！,美容护肤/美体/精油
3699653849,护肤女王Anna,3804,2019--07--29 11:44:27,美妆从业5年，资深美妆师,美妆编辑,三分靠长相，七分靠妆扮！专注美妆护肤5年之久，为您靓丽容颜保驾护航。,彩妆/香水/美妆工具
2944426933,ins潮物语,60938,2019--07--04 16:41:47,,,这个人很懒，什么也没留下,
2906917436,PrettyShare,1580000,2019--05--21 14:14:15,西蔓色彩认证服饰搭配技术,时尚自媒体,我是Shara，来撩我！钉钉：13530192925,女鞋
842873055,认真少女-颜九,10940000,2019--07--26 10:21:59,专业美妆博主,时尚自媒体,一分钱都不许你多花,彩妆/香水/美妆工具
3423187188,风韵小菇凉,14946,2019--07--26 23:02:42,,,老师带你玩测评,珠宝/钻石/翡翠/黄金
132578376,xieheng8888,1010000,2018--12--12 15:59:25,,,,
2037040441,博柏利官方旗舰店,15280000,2018--09--25 13:11:44,,,,
20794188,海淘双宝,4370000,2019--07--28 20:15:41,,,海淘精品 搭配出不一样的欧美范,
39453,CIMISTAR全球时尚,4750000,2019--07--29 09:00:00,专业时尚买手,时尚买手,你所看得见的，多于你想要看到的。西米小姐带你领略全球风尚！,女装/女士精品
3971806285,奢享纪,4309,2018--11--30 15:27:27,官方奢侈品资讯总站,官方账号,奢侈品资讯总站,男装
63053932,yangyoung77,61639,2018--09--11 18:54:52,,,,
49296464,考拉淘美国,1770000,2019--07--29 13:08:42,十年资深买手经验丰富,时尚买手,保证100%美国的商场采购,男装
76835398,SOUL_MOMENT,1220000,2018--12--12 22:04:30,,,马丁发烧友的集结地。做你自己，坚持自己的风格，你就是时尚的领导者！,
76486879,嘻哈二少,19633,2017--01--12 19:49:24,,,专属于男人，左右于时尚，尽在嘻哈二少男装店,
408461189,a_plus2010,8212,,,,,
2380416887,超能健康生活,6640000,2019--07--29 12:12:17,,,这个人很懒，什么也没留下,
164853990,Miho,87823,2019--07--29 17:21:49,3年时尚自媒体,时尚自媒体,159cm，43kg。
偏爱韩系穿搭。,女装/女士精品
554848146,布鲁studio奢侈品正品代购工作室,10767,2019--07--07 15:14:57,,,手机淘宝，精彩不断,男装
2817498886,sunglasshut官方旗舰店,86015,2018--03--30 15:16:30,,,手机淘宝，精彩不断,ZIPPO/瑞士军刀/眼镜
922847854,程晓玥YvonneChing,19732,2019--07--27 18:42:37,真人秀艺人（《青春旅社》《我们相爱吧》）,时尚达人,一个爱生活女孩的日记❤️,彩妆/香水/美妆工具
3332776199,我爱老婆51851842736711,4356,2019--07--28 14:29:41,,,,
2975434355,pinglondon,3241,,,,,
900275369,ss红红女子,5168,,,,,
315868984,huangjiawei44,2578,,,,,
60369928,alike,3020000,2019--07--12 13:40:56,淘宝认证时尚搭配师,时尚搭配师,,女装/女士精品
43410993,阿兰yolanda,71333,,,,活成自己热爱的人， 爱自己追寻梦想时闪闪发光的样子！,
931143433,往日哥哥,6055,2018--09--03 15:05:16,,,你的时尚小买手往日哥哥。,
686925109,lan猫喵,63532,2019--07--26 17:30:55,,,现在才知道，女神是这样长成的......,洗护清洁剂/卫生巾/纸/香薰
2869590208,jinyin0807,1760000,2019--07--28 17:17:48,,,立志于做质量好，价格实惠的精美女装,
3064758333,Minimine,3790,2019--07--27 17:08:04,,居家美学达人,时尚居家控,文具电教/文化用品/商务用品
3307528204,ka_burberry,8610000,2017--06--08 14:42:54,,,,箱包皮具/热销女包/男包
752547545,MR男神范,20494,2018--12--28 14:44:59,,,专注男神穿搭分享,
2903352952,潮男搭配师C罗,1240000,2019--07--20 11:21:14,7年资深服装搭配师,时尚达人,资深时尚的我让你每一季的穿搭打扮都与众不同,厨房/烹饪用具
1778300710,教你做潮男,7110000,2019--07--29 18:35:11,淘宝认证时尚搭配师,时尚搭配师,资深潮男塑造团队，引领潮流时尚,男装
422279714,小依依欧洲代购,4945,,,,定居荷兰，靠谱欧洲代购一枚，走在时尚潮流前线，专业服饰鞋包达人，第一时间与大家分享不一样的大牌风采~本店商品全部全套原包装邮寄到货~,
811104023,LZ寻物,26606,2019--07--25 15:40:02,资深运动健身达人,运动达人,寻好物，识好货,运动鞋new
714688689,拉菲搭配师,13420000,2018--08--20 18:00:28,时尚女包服饰搭配师,时尚搭配师,你的穿搭顾问！,箱包皮具/热销女包/男包
100881499,妃鱼优选,65947,2019--07--28 22:27:35,,,看妃鱼直播买全球尖货,
2473175315,时尚COSMO,30402,2019--05--08 12:22:06,时尚COSMO,时尚媒体,FUN, FEARLESS, FEMALE.,彩妆/香水/美妆工具
881581023,元宝姐姐,86946,2018--03--19 11:21:21,淘宝认证时尚搭配师,时尚搭配师,修炼时尚触觉，搭配潮流生活。,女装/女士精品
2516851728,潮界大表哥,1630000,2019--02--22 19:11:37,淘宝官方认证时尚自媒体,时尚自媒体,专注于挖掘高bigger街拍潮货，相信我--你哥还是你哥。,手表
1719703959,匡琪琪,4470000,2019--07--29 19:19:00,,,专注于小个子显高穿搭！轻松Hlod住任何风格！,
581753261,Alex75721,2629,2019--07--27 12:34:46,,,,
2948147352,Daisy拾趣,18685,2017--12--14 19:13:09,,,一个有趣、有料的新鲜放送。,美容护肤/美体/精油
356488237,wmmazh0711,61402,,,,,
2892095529,if姐,1060000,2019--05--16 19:56:20,淘宝认证时尚自媒体,时尚自媒体,你值得拥有更好的生活,运动鞋new
2086097721,男装真丝和皮草流行趋势,14791,,,,重点介绍当季流行男士真丝服装和皮草的流行趋势，以及相关服装的保养鉴定等相关知识的介绍。,
1812695674,女神小助手,310000,2019--06--14 00:18:57,淘宝认证时尚编辑,时尚达人,学搭配、涨姿势、赶时髦无所不能,珠宝/钻石/翡翠/黄金
923024108,夏天De夏天,1510000,2019--07--29 14:05:49,,时尚自媒体,明睿传媒签约主播,
354586456,丹丹意大利代购,41310,2019--07--29 11:55:52,,,这个人很懒，什么也没留下,
621847665,Grace小姐姐,18435,2019--07--29 15:45:06,资深时尚博主，擅长搭配技巧。,时尚自媒体,没有丑女人，只有懒女人，这句话不知激励了多少女人，跟着丝丝学搭配让你轻松变美丽！,饰品/流行首饰/时尚饰品新
270421236,衣_色,98167,2019--07--23 17:17:08,淘宝认证时尚搭配师,时尚搭配师,让时尚像风一样吹向你的生活！,女装/女士精品
1896064349,Gemeiq,18396,2019--07--28 15:00:40,,,,
1672902197,摩登札记,85153,2019--07--29 18:43:51,淘宝认证时尚买手,时尚买手,摩登札记,女装/女士精品
792583507,珂卡芙时尚搭配,22990000,2019--07--29 16:08:32,专注服饰时尚搭配10年,时尚搭配师,美丽随心变！珂卡芙和你一起发现美，创造美，传播美。,
2704829874,HP_美妮子,30392,2018--08--25 07:51:07,,,一个爱漂亮，擅穿搭的小妹子,
1782104935,全球时尚周刊,40583,2019--07--29 12:09:35,淘宝认证时尚编辑,时尚自媒体,你喜欢的穿搭、美妆护肤这里都会有哦，陪你一起变美。,饰品/流行首饰/时尚饰品新
685140573,Fiveplus,43110000,2019--07--29 17:38:47,,,Five Plus，永远走在潮流尖端的时装品牌，大胆创新各类流行元素，演化成自我的风格标识，随时发现生活中一切美好的可能。,女装/女士精品
2433357308,Ann今天穿什么,1631,2018--06--03 20:39:30,杂志编辑，5年资深搭配师,时尚搭配师,女人如花花似梦~,女装/女士精品
69103737,kaixindeyi03,5936,,,,,
1682312095,英英Chili,60178,2019--07--29 14:54:28,,,美物分享，多多关注~,
876192542,是我啊还是我,23764,2019--07--29 18:07:52,,,,
789423716,小小小小,2110000,2019--07--29 19:10:27,,,小小的达人!,户外/登山/野营/旅行用品
3340406020,淑枫女装,11632,2018--10--11 14:53:34,,,品牌自理人，擅长撰写图文，直播，小视屏等。,女装/女士精品
3321936717,samewells,2380000,,,,,
3461385466,红门小时代,78544,2019--07--29 10:33:41,淘LIVE合作美搭栏目,时尚搭配师,红门小时代将推出以音乐和轻奢为主题的PGC节目，用音乐让人们的休闲生活变得轻松起来,我们的宗旨是让观众在休闲音乐中学会时尚搭配、了解时尚前沿。,
3919799165,吴亦凡粉丝后援会,12468,2019--04--03 18:18:15,,,吴亦凡（Kris）梅格妮,女装/女士精品
3565110962,VOGUE服饰与美容,11734,2018--12--15 12:00:00,,,VOGUE是全球最领先的时尚杂志，是世界流行风潮的引领者。,
924258308,飞飞-Joanna,20376,2019--01--14 12:05:40,8年时尚搭配师经验,时尚搭配师,专注穿衣搭配及美物种草！,女鞋
1719878775,彬彬真的好饿啊,1060000,2019--03--27 10:29:27,知名美食帐号,美食养生自媒体,一个时时刻刻都在思考要吃什么的阿婆主！,粮油米面/南北干货/调味品
3015561240,kay潮品,3073,2018--07--13 00:00:00,,,,流行男鞋
78727603,旺小7奢侈品正品,89114,2019--07--26 14:48:12,,,,
1132929005,海南碧海珍珠,2197,2019--07--29 17:05:07,,,本是凡间一粒沙，竟因心血放光华 一 珍珠,
688407057,asdfgh1122336,26094,2019--07--29 12:57:10,,,,
3450373781,情有独钟VV娘,1233,2019--01--20 23:37:22,,,引领时尚潮流，专注品质穿搭。,女鞋
374905659,每天学点搭配学,5942,2018--02--01 16:07:42,,,爱淘宝，学搭配。每天分享最精彩的服饰搭配，潮流时尚资讯。,
3032794091,型男控,31985,2018--04--11 11:07:12,,,型男达人打造最潮男神。商务合作VX：314732167,
3052980836,Fashion小冉,130000,2019--07--29 13:30:39,资深买手，时尚专栏操刀手,时尚搭配师,商家合作加，137261718，短视频图文欢迎来撩,手表
913939330,莫莫家小七,3410000,2019--06--06 16:56:11,北京吉浪文化传媒时尚编辑,时尚达人,黄二百  混干皮  167/46  探店分享+日常Vlog~跟小七一起解锁时尚穿搭新姿势（各平台同名）,女装/女士精品
33663131,敦煌一粒沙,61705,2019--04--26 15:19:55,,,,
281903860,每日穿衣道,1710000,2019--07--29 17:54:21,淘宝官方认证时尚搭配师,时尚搭配师,今天穿什么?就来每日穿衣道！,个人护理/保健/按摩器材
3964200046,宝藏女孩陈一发,1421,2019--03--26 23:10:16,时尚专栏编辑，资深搭配师,时尚搭配师,噜噜酱的分享，爱上就别离开,女装/女士精品
3240207282,妖艳的大叔,33660,2017--12--28 17:22:16,男装时尚自媒体,时尚自媒体,商务合作钉钉18137617855,
3576011696,甜橙raki,31093,2018--11--18 01:06:33,淘宝认证时尚搭配师,时尚搭配师,潮流....谁都追不上，可是追还是很有必要的！,女装/女士精品
2664578717,阿发发酱FAFA_STUDIO,3590000,2019--03--27 17:12:29,时尚达人,淘宝红人,一个卖衣服的girl,女装/女士精品
2901028334,深夜种草,35418,2019--07--25 23:48:52,,美妆达人,种草某宝好物，美好的都在这里。,女装/女士精品
1835215893,元本良厂旗舰店,3260000,2019--05--14 09:00:59,,,,
47618507,幸子眼镜,59960,2018--12--21 13:57:14,《幸子眼镜》国际品牌眼镜指定店,时尚买手,用最专业的心，做最专业的事！,
142950974,时尚搭配师雅楠,9520,2019--03--15 08:28:33,,时尚达人,通过专业的视角和独到的眼光，向你详细讲述服饰搭配的细则，轻松解答上述问题，让你穿出美丽，配出时尚，张扬个性。,
3192197142,行走的种草少女,120000,2019--07--17 17:11:41,时尚美妆自媒体,时尚自媒体,这个美妆达人有点不一样，不要问我哪里不一样，哪儿都不一样，关注了你就知道有多不一样！,彩妆/香水/美妆工具
2677356193,魔力种草,1390000,2019--07--10 16:28:26,时尚买手、搭配达人,时尚搭配师,商务V/钉钉ab93222,女装/女士精品
1067847109,潮流男森,130000,2017--10--13 00:01:34,,,收藏、分享，我的潮流生活。商务合作联系钉钉：18667930153,手表
3039608481,猎_潮,130000,2019--06--05 10:33:30,型男塑造自媒体,时尚自媒体,商务钉18608005854,运动鞋new
34168857,鬼魅娃娃1,69417,,,,,
844136934,莎拉_Sara,5478,2019--07--27 23:43:00,潮女时尚搭配师,时尚搭配师,努力做一枚拼命分享好货的时髦精。,男装
3208724922,秀-Time,17632,2018--11--17 15:54:30,淘宝认证时尚搭配师,时尚搭配师,品味秀场时尚，专注潮流分享,女装/女士精品
2734547339,Jay在纽约,260000,2019--07--29 14:41:24,,,更多快乐，更多分享,
2735662109,十沫一,33594,2019--06--04 13:30:18,时尚设计师,时尚设计师,合作钉钉：sing2016,合作旺：淘气的雨谷,女装/女士精品
2972641241,天女不下凡,87044,2019--07--20 00:01:05,淘宝认证时尚搭配师,时尚搭配师,潮女搭配师,珠宝/钻石/翡翠/黄金
2441278040,旧时光meU,45000,2019--07--27 16:42:58,型男塑造师，时尚搭配达人,时尚搭配师,商务合作钉钉号  hscoco,男装
3661206593,妃鱼严选,60318,2019--07--29 15:48:57,,,幸福快乐开心,
1103188850,cool尚潮,2090000,2019--07--27 11:53:40,秀猪机构签约时尚达人,时尚达人,流行下的指路人，风格中的尚潮者。,
2236504853,大Vi儿,7353,2019--05--11 16:48:29,资深服装搭配师,淘女郎,美妆搭配，个性设计,
2943232325,妹纸爱搭配,20681,2019--07--08 21:28:28,,,合作联系旺信：好货挖掘机,女装/女士精品
769101874,豆包大人,3350000,2019--04--13 14:39:15,时尚视频达人，穿搭博主,时尚达人,和我一起穿出自信,女装/女士精品
2889988233,美咖精,37742,2019--07--22 16:08:37,淘宝认证时尚搭配师,时尚搭配师,时尚从这里开始,女装/女士精品
2979397840,倩小姐美美搭,9006,2019--07--10 11:32:09,6年资深女装搭配师,时尚搭配师,三分靠颜值，7分靠搭配,女装/女士精品
41358922,时尚推Sir,1250000,2019--07--10 09:23:44,淘宝认证时尚设计师,时尚设计师,职业带逛专家，姐妹们一起来败家！,彩妆/香水/美妆工具
674223902,种草俱乐部,1450000,2018--07--04 12:59:45,淘宝认证时尚买手,时尚买手,v任务合作：洛梦馨,男装
376389657,周周家品牌直销,75087,2019--07--28 21:22:35,,,感谢淘宝直播,
2497431902,闹闹机器人,56927,2019--07--29 12:23:19,,,针对私人收藏的尖货儿和小众品牌。分享高端轻奢的时尚生活方式，祝你在这儿玩的愉快！,
3255455755,麦先生,2367,2018--05--08 23:18:52,,,四有男生，缺一不可！,男装
1102154677,安洁利奢侈品鉴定师-田哥,63221,2019--04--20 17:28:15,卓星签约奢侈品鉴定达人,时尚自媒体,专注奢侈品鉴定培训and护理技术研究与培训，在线知识教学分享,箱包皮具/热销女包/男包
1765834423,爱柚-,9810000,2019--07--25 17:58:50,天下网商签约穿搭设计师,时尚设计师,时尚生活媒体社！,女装/女士精品
3432669701,barbour旗舰店,18133,,,,,
688868766,配饰种草机,19518,2018--07--09 18:17:09,淘宝认证时尚自媒体,时尚自媒体,一个执着的配饰控,箱包皮具/热销女包/男包
43572435,饰界之王,95873,2019--07--27 20:38:01,,,饰与你，共分享~,饰品/流行首饰/时尚饰品新
910984006,小个子童哥,1310000,2019--07--29 10:19:30,,,教你穿搭教你变美的分享型主播，想要穿出时尚穿出经典的妹子赶快看过来,女装/女士精品
4018897255,韩国欧尼李多儿,2280000,2019--07--20 17:43:23,,,思密达小姐姐,
428525839,李佳琪妹妹轻奢女装推荐,1370,2019--06--18 20:21:32,,,气质优雅女装推荐,
2225862176,爱尙_小尚,5363,,,,,
12375520,小虫-虫窝,25650000,2019--07--29 18:54:25,女装店小虫官方账号,时尚搭配师,小虫，为衣虫生！,
2260152888,时尚博主小猪八,71080,2018--12--05 12:34:17,淘宝认证时尚搭配师,时尚搭配师,不懂搭配，怎能撩汉！ 品牌合作钉钉13662404060,女士内衣/男士内衣/家居服
1725236145,静静带你全球购,24405,2019--07--27 01:34:05,,,这个人很懒，什么也没留下,
679915684,小胖熊意大利,28751,2019--07--28 11:53:31,,,意大利正品代购。,
854983219,巴依老爷哦_,570000,2019--07--29 12:56:35,,,年度优秀主播；
店铺：巴依老爷LORD BAYI,
2271766305,麦麦姐不是章娘娘,25778,2019--03--06 17:39:53,5年时尚编辑，资深搭配师,时尚自媒体,美妆达人里腿最长的，潮流达人里嘴最美的。,女装/女士精品
2963691582,有范街官方品牌店,17511,2019--06--28 14:48:20,,,手机淘宝，精彩不断,
1840080575,小鱼的美搭之路,62173,2019--01--23 14:42:56,女装时尚搭配师,时尚搭配师,和你一起变美的小鱼欧尼,女鞋
2117496639,七哥侃户外,64407,2019--07--29 15:34:23,,,七哥陪你聊一下户外趣事，侃一下户外装备和技巧,运动鞋new
362981464,金玲chloe,2640000,2019--07--29 03:01:55,环球旅游小姐总决赛殿军,淘女郎,这个人很懒，什么也没留下,
42253952,法国精灵口袋,1340000,2019--07--29 17:20:06,,,法籍华裔长居巴黎，法国药妆、化妆品、母婴、奢侈品等正品代购！,
2589668373,胖妹妹0711,3271,,,,,
104925667,SuperViVi_薇薇,2790000,2019--07--28 12:04:43,,,让变美成为一种人生习惯~我们一起努力,
1714932848,幸亏我有点吴聊,3245,2019--07--29 11:17:25,唤起传媒穿搭博主,时尚达人,身高156
体重82
三围是秘密
又酷又甜的小可爱
告辞！,女装/女士精品
2083581051,天下小窝,40947,2019--07--24 11:09:33,2年必买清单达人好货达人,母婴用品体验官,每天更新关于宝贝的知识和精心挑选的衣服、玩具...    喜欢就关注我吧！,
699033653,乐乐19880913,16405,2019--07--10 22:24:18,,,,
3471958423,请先爱美再打扮,15123,2019--03--12 22:40:17,资深潮女爱美搭配师,时尚搭配师,没有丑小鸭，每个小姐姐都是潜力股,女装/女士精品
2621704019,时尚推送家,8828,2019--06--04 16:41:23,,,时尚，时尚，最时尚的时尚推送家,箱包皮具/热销女包/男包
3343358914,小仙女衣_,54515,2019--07--29 14:06:26,淘宝认证时尚搭配师,时尚搭配师,推荐美衣给各位小仙女~,女装/女士精品
3038857802,多果潮流志,4515,2019--07--29 17:41:55,多果电子商务公司总编辑,时尚搭配师,时尚买手，让你花最少的钱买到最心意的宝贝~,女装/女士精品
2667724158,晓晓小姐,1290000,2019--05--20 23:18:53,6年女装服饰搭配经验,时尚达人,女人的衣橱也需要多姿多彩，商家合作联系旺号：你抠脚时好美11,女装/女士精品
2422903817,小红美妆秀,7492,2019--06--25 23:34:09,时尚潮流穿搭撰稿人,时尚自媒体,每日时尚搭配技巧,服饰配件/皮带/帽子/围巾
3453478450,好物説,5052,2019--07--12 18:42:12,时尚自媒体主编,时尚自媒体,这个人很懒，什么也没留下,饰品/流行首饰/时尚饰品新
2619913110,名流小姐,1610000,2019--07--26 14:26:29,时尚搭配师Susan,时尚搭配师,追求品质生活，分享实用穿搭。,女装/女士精品
23092824,女神潮搭控,24191,2017--12--19 15:24:41,淘宝认证时尚搭配师,时尚搭配师,擅搭配，爱分享!,饰品/流行首饰/时尚饰品新
3031009418,girl范儿,29261,2018--01--24 11:27:35,淘宝认证时尚自媒体,时尚自媒体,,
1063369510,型男风hseboy,37925,2018--10--26 20:46:45,时尚撰稿人兼搭配师,时尚搭配师,衣服哪能不挑？,男装
3357804996,拿不住的潮流,18090,2019--03--21 11:56:35,淘宝认证时尚达人,时尚达人,商务合作钉钉18023310022,男装
938151644,过日子小能手,15515,2019--06--27 10:02:01,淘宝认证时尚买手,时尚买手,挖掘居家好物,手机
10651776,阿森美食日记,7649,2019--07--20 20:30:00,,,传递美味好煮意，美食就在你身边！,粮油米面/南北干货/调味品
1793446437,小C大人,2404,2018--06--21 23:11:30,,,时尚编辑，5年资深搭配师,女鞋
3027412025,汤汤的衣橱,2340000,2019--05--16 11:45:44,5年时尚编辑，资深时尚咖,时尚搭配师,资深时尚搭配师 专业服饰设计师 只为优质内容,洗护清洁剂/卫生巾/纸/香薰
2010311074,小晶yu,70561,2018--08--20 19:44:10,5年资深服饰搭配师,时尚搭配师,每日分享最新潮流搭配。,
902158589,会搭Vita,1110000,2019--07--29 15:20:42,淘宝认证时尚自媒体,时尚自媒体,教授穿搭技巧，分享可以变美的好物。,女装/女士精品
2922148353,美哒妖精,11041,2019--04--02 06:00:00,淘宝认证时尚搭配师,时尚搭配师,在以后的生活购物中，我希望是你的左膀右臂，为你分忧解难。相互学习，我会把我的优选产品，以图文，清单形式带给您，让您一目了然，轻松购物
,女装/女士精品
772562095,叶子搭,4933,2019--07--28 20:45:15,,,紧跟叶子脚步，轻松玩时尚。,女装/女士精品
64485669,猪猪babe,1230000,2018--11--27 10:02:20,专注服饰领域10年,时尚自媒体,跟淘宝一起长大的资深shopping guide,服饰配件/皮带/帽子/围巾
3171773464,小宝爱美丽,23354,2018--12--20 16:07:18,,,小宝为你每天推荐最好的搭配，最精致的生活态度，做一个精致的胖宝宝,
2661227710,创物集,1508,2018--12--01 12:34:23,时尚资深搭配师,时尚搭配师,创造好物只为包装精致的你,女装/女士精品
1113111418,露露babylu,39604,2019--03--24 14:21:26,资深童装搭配，专注母婴领域分享,母婴买手,热爱家庭，热爱生活，把每一天都活的很精彩,童装/婴儿装/亲子装
508068095,叫叫我子杰,25551,2019--06--13 00:03:59,知名时尚博主KOL,时尚自媒体,已出柜！比较内向，相信认真的人，运气总不会太差。精选，进入粉丝群。,男装
2528203564,iFashion时髦精,24970000,2019--07--29 14:48:28,官方资讯，权威发布,官方账号,淘宝iFashion官方微淘,女士内衣/男士内衣/家居服
901850050,可乐小姐EL,86436,2019--04--07 17:39:07,,,不爱喝可乐的可乐！,女装/女士精品
3002551264,固执的女王,51283,2017--08--31 18:28:14,,,分享时尚穿衣搭配，我有我的个性。,女鞋
282285108,潮流穿搭术,20004,2019--07--08 09:44:49,5年时尚编辑经验,时尚自媒体,这个人很懒，什么也没留下,住宅家具
2246100757,ins好物种草机,65868,2017--12--29 17:24:24,淘宝官方认证时尚自媒体,时尚自媒体,好物有毒，入坑需谨慎,女装/女士精品
3432228919,衣在配不在贵,35422,2018--04--08 16:53:24,资深时尚自媒体编辑,时尚搭配师,一定要让你更漂亮，才配得上你对我的欣赏,女装/女士精品
496336268,搭配师LL,3814,2018--12--24 16:13:53,专注时尚搭配3年工作经验,时尚搭配师,关注更精彩，生活在微淘,女装/女士精品
2043133432,Ms秀秀秀,13883,2018--11--26 17:23:43,淘宝认证时尚买手,时尚买手,微淘职业选款师,
546207051,饰意,250000,2018--03--04 13:36:59,淘宝认证时尚搭配师,时尚搭配师,灵心胜造物，妙手夺天工。,女装/女士精品
818754622,Hi乔伊,11822,2019--07--24 22:53:39,穿搭博主，视频达人,时尚达人,努力做一个内外兼修的逗比青年,女装/女士精品
3359755469,Mickey珊珊,5341,2019--07--11 20:40:42,,,致力于分享时下最流行的穿衣搭配,女装/女士精品
2182087527,潮女搭配kiss,1120000,2019--07--29 17:00:25,淘宝认证潮女搭配师,时尚搭配师,百变女神搭配秀，满足你所有挑剔,女装/女士精品
2971313543,京品集汇,1190000,2019--07--29 15:12:00,专注生活美学资深经验,家居买手,这个人很懒，什么也没留下,床上用品
2131407402,时装设计师Cherry,28090000,2019--07--29 02:06:20,MeetMetro官方号,时尚搭配师,大牌设计，摩登时尚，都市丽人,
777678136,时尚达人小新,2720,2019--07--28 11:28:21,淘宝认证时尚搭配师,时尚搭配师,抓住潮流趋势，分享穿搭指南,童装/婴儿装/亲子装
2636833316,豆扣网,2530000,2019--07--17 10:31:14,豆扣网官方网站,科技网站App,科技也可以很CHIC，最in最潮的数码博主,
2499520933,潮男潮女就i搭,24227,2018--09--30 11:55:06,资深时尚搭配师,时尚搭配师,做一个愿意给你们分享各种潮流穿搭的时尚精。,女装/女士精品
2097504847,Adorer-dress,1262,2018--07--16 09:00:00,,,致力于分享时下最新穿搭,女装/女士精品
3531325228,潮女搭配师小星,7148,2017--11--27 01:37:17,,,女装搭配干货，以及潮流趋势分享。,女装/女士精品
2660947110,October_黄梓淇,1984,2019--04--03 23:20:49,,,致力于时尚的讲解和分析，你舒心我开心。,女装/女士精品
4030622868,潮女秀,6297,2019--07--29 13:47:51,杂志编辑，5年资深搭配师,时尚搭配师,做快乐的小达人，借助此平台每天进步一点点。,女装/女士精品
588089539,骷髅燕尾剪,2251,2019--05--21 15:52:26,淘宝认证时尚买手,时尚买手,资深时尚编辑，潮女、型男搭配师。,女装/女士精品
1087432861,全球潮流前线,63291,2019--07--29 08:50:00,8年服装搭配师经验,时尚搭配师,提供最新的潮流穿搭，把您塑造成小仙女！听说，颜值高的都关注我了！旺信：朕的浙大梦,箱包皮具/热销女包/男包
81951789,菲菲是只兔子,73591,2018--03--02 10:34:52,,,穿衣风格那么多，敢不敢都试试,女鞋
2520284081,小银子爱搭配,1661,2019--06--02 16:47:15,5年服装销售，搭配有范儿,时尚搭配师,为你推荐时尚搭配方式,女装/女士精品
3175307237,小特玩具,40614,2019--01--08 11:52:30,母婴店店主，专注母婴领域分享,母婴买手,每天为美妈们精选百款超品质必买好货。,玩具/童车/益智/积木/模型
69297156,SleepyBunny瞌睡兔,51930000,2019--07--29 10:43:29,,,SleepyBunny瞌睡兔定制三金冠店。,女装/女士精品
1830563541,淘享时光,4118,2019--07--24 22:03:20,时尚搭配师,时尚搭配师,时尚潮流分享，穿出明星范！,女装/女士精品
3591397826,时尚临风,1765,2019--07--22 20:40:17,知名时尚博主，视频自媒体,时尚达人,时尚，也是智慧。,女装/女士精品
3042294975,绿大叔,36158,2019--05--14 13:09:57,淘宝认证时尚自媒体,时尚自媒体,一个疯狂追求潮流的90后男生，穿衣服不仅追求个性风格，更讲究搭配合理，关注我一起做更潮的人！合作添加旺：小小小cheer,手表
226985597,哈娜姐,1380000,2018--11--06 20:00:00,淘宝认证时尚搭配师,时尚搭配师,想要高性价比的高端品牌女装记得关注我哟。,女装/女士精品
2606131220,安小冉sanny,210000,2018--11--07 18:11:22,淘宝官方认证时尚搭配师,时尚搭配师,各种时尚潮流女装,女装/女士精品
3436190415,女神爱穿搭,100000,2019--01--15 17:21:45,淘宝认证时尚编辑,时尚达人,潮搭单品，专业买手为您推荐。喜欢就关注一下我哦,女装/女士精品
2688018010,金公子JIN,42505,2019--05--18 13:08:24,刺猬自媒体签约主播,淘女郎,服装搭配师and皮肤管理师,
2022855040,汤汤不是rapper,53034,2019--06--18 15:03:12,淘宝官方认证淘女郎,淘女郎,资深女装搭配师，街头时尚爱好者。越努力，越幸运。,女装/女士精品
1705187127,Fen纷纷,7577,2019--07--28 22:35:09,草根潮流时尚搭配师,时尚搭配师,谁说知性不可以浓烈,女装/女士精品
2836202771,么么搭joyce,1170000,2018--07--11 17:30:54,潮女搭配师,时尚搭配师,淘我要，爱淘宝，爱粉丝，爱分享,箱包皮具/热销女包/男包
260143359,时尚搭配师小祺,71338,2018--11--21 18:44:18,专注时装搭配6年,时尚搭配师,合作旺号：yjhh888,女装/女士精品
871618839,彩色艾,43986,2018--12--18 00:06:10,,,小艾的愿望：让你喜欢上彩色艾,女装/女士精品
2914427863,全球潮男前线,4261,2017--12--06 12:58:17,淘宝认证时尚搭配师,时尚搭配师,知名型男时尚达人。男人，就该成为行走的荷尔蒙。,
2145483482,KST家的猫,1650000,2018--12--01 13:33:17,时尚搭配师,时尚搭配师,王王：li20140625,女装/女士精品
3461058199,小酒穿搭笔记,2350000,2019--07--22 17:37:51,,时尚达人,穿搭分享种草，让你貌美如花。,女装/女士精品
1710310361,Z_子晴,31060000,2019--07--29 15:19:11,淘宝官方认证红人,淘宝红人,我不是女神不是辣妈更不是网红，我只是突然就变污了的郑子晴。,
1073340059,复古调儿,1140000,2019--05--14 16:26:15,复古风搭配师,时尚搭配师,就爱复古这个调调,运动/瑜伽/健身/球迷用品
3066134759,服装搭配师momo,5739,2019--01--23 21:51:57,时尚搭配师,时尚搭配师,爱时尚，爱搭配，让你每天都是美美哒。,女装/女士精品
1042614492,萱如梦,34574,2019--07--10 17:23:30,资深时尚女装设计师,时尚设计师,点击精选可以与我互动和领福利哦,
62964390,什么最值得买,720000,,时尚视频达人，资深搭配师,时尚达人,麦麦告诉你什么最值得买么？合作旺：飞天飘渺,
263817957,韩都衣舍旗舰店,208690000,2019--07--29 16:03:12,,,韩都衣舍家的小姐姐，为了漂亮衣服和小裙裙也要努力鸭,女装/女士精品
747995351,玩美志,72198,2019--07--28 13:16:55,淘宝认证时尚搭配师,时尚搭配师,合作旺号：899燕子
穿搭不将就，时髦做自己！,女装/女士精品
3395900889,可乐姐姐穿搭,27549,2019--07--29 19:05:12,杂志编辑，5年资深造型师,时尚搭配师,chic少女风穿搭,手表
840277800,菲儿搭配师,25806,2019--06--02 12:14:06,专业服装搭配师,时尚达人,让时尚更有趣，让搭配更简单,运动/瑜伽/健身/球迷用品
2688727602,莹紫nimo,170000,2019--06--10 11:27:36,淘宝官方认证淘女郎,淘女郎,资深时尚咖，平价好货种草（合作旺号：zengxiaoyin1990）,女装/女士精品
36070601,种草咕咕鸡,68576,2018--06--11 14:49:58,五年数码爱好者，精准玩家,数码发烧友,求关注，求点赞，么么哒😘
商务合作联系球：1741572042,3C数码配件
863836674,丫丫北鼻,130000,2019--01--18 17:52:58,如涵机构签约主播,时尚搭配师,大家好，我是丫丫，请大家多关照,
2223976488,夜猫儿觉主,85524,2019--07--20 15:54:02,淘宝官方认证时尚博主,时尚达人,我是夜猫儿，来撩我呀！钉钉：13071109262,女装/女士精品
86428989,服装搭配师miuo,12880000,2019--07--28 20:45:36,淘宝认证时尚搭配师,时尚搭配师,实实在在传授日常穿搭小技巧。,
2533228628,糖心搭配范,96042,2019--07--29 19:14:41,从业五年电视专栏服装顾问,时尚搭配师,这个人很懒，什么也没留下,女装/女士精品
803995679,甜芯Alice,20629,2019--07--28 21:47:31,淘宝认证时尚搭配师,时尚搭配师,分享日常穿搭技巧，用心种草时尚服饰,女装/女士精品
2362318233,时尚的句号,90430,2019--04--23 17:29:16,淘宝认证时尚搭配师,时尚搭配师,企鹅1467362274,女士内衣/男士内衣/家居服
66035150,大班班班班,79360000,2019--07--29 16:10:50,,,清新实用日韩简约女装系列,女装/女士精品
2882479068,西施美搭,1520000,2017--06--16 09:36:33,米一自媒体签约博主,时尚搭配师,钉钉：18104119009  旺旺 虫儿飞rose,
2118001663,潮人走兽,12922,2018--07--25 11:28:02,7年经验的型男搭配师,时尚搭配师,圈内潮极赛亚人，你的潮流先锋。,
2471777454,巧菲尼styleshoes,1790000,2019--07--29 14:55:17,,,手机淘宝，精彩不断,
3175334901,西遇服饰旗舰店,12370000,2019--07--26 16:05:31,,,这个人很懒，什么也没留下,
2884844057,CHIC挖掘者,1710000,2019--07--23 18:52:04,时尚资讯挖掘者,时尚达人,合作旺：艾米时尚杂志,彩妆/香水/美妆工具
2575861351,kdjskj,69185,2017--11--02 12:53:15,,,和你的家来一场风花雪月的较量。,
3964200046,kdjskj,1421,2019--03--26 23:10:16,时尚专栏编辑，资深搭配师,时尚搭配师,噜噜酱的分享，爱上就别离开,女装/女士精品
41358922,kdjskj,1250000,2019--07--10 09:23:44,淘宝认证时尚设计师,时尚设计师,职业带逛专家，姐妹们一起来败家！,彩妆/香水/美妆工具
